chirps/min,temp
20,88.59999847
16,71.59999847
15,79.59999847
